,af,am,ar,az,bn,cy,da,de,el,en,es,fa,fi,fr,he,hi,hu,hy,id,is,it,ja,jv,ka,km,kn,ko,lv,ml,mn,ms,my,nb,nl,pl,pt,ro,ru,sl,sq,sv,sw,ta,te,th,tl,tr,ur,vi,zh_cn,zh_tw
af,1.0000,0.5736,0.7108,0.6792,0.5881,0.4751,0.7616,0.7384,0.7471,0.7465,0.7515,0.7280,0.7428,0.7646,0.7266,0.7488,0.7448,0.7068,0.7303,0.6022,0.7492,0.7367,0.5962,0.6839,0.6510,0.6419,0.6997,0.7293,0.6503,0.7125,0.7360,0.6886,0.7529,0.7747,0.7485,0.7492,0.7552,0.7408,0.7478,0.7260,0.7535,0.4970,0.6510,0.6375,0.7216,0.5562,0.7411,0.7179,0.7266,0.7357,0.7381
am,0.5736,1.0000,0.6049,0.5999,0.5746,0.4089,0.6116,0.6052,0.6133,0.6026,0.6224,0.6130,0.6264,0.6177,0.6177,0.6153,0.6197,0.6200,0.6143,0.5360,0.6190,0.6150,0.4889,0.5891,0.5908,0.6049,0.6032,0.6126,0.5948,0.6167,0.6042,0.5978,0.6076,0.6160,0.6137,0.6120,0.6157,0.6123,0.6147,0.6012,0.6217,0.4297,0.5891,0.5679,0.6052,0.4765,0.6204,0.6126,0.6342,0.6100,0.6093
ar,0.7108,0.6049,1.0000,0.7226,0.6375,0.4630,0.7878,0.7757,0.7771,0.7754,0.7878,0.7761,0.7656,0.7929,0.7670,0.7740,0.7828,0.7505,0.7932,0.6358,0.7791,0.7693,0.5952,0.7226,0.6819,0.6779,0.7374,0.7670,0.6816,0.7572,0.7784,0.7451,0.7845,0.7888,0.7861,0.7983,0.7848,0.7835,0.7888,0.7700,0.7831,0.4832,0.6886,0.6560,0.7660,0.5804,0.7922,0.7650,0.7576,0.7888,0.7845
az,0.6792,0.5999,0.7226,1.0000,0.6463,0.4499,0.7434,0.7202,0.7387,0.7323,0.7360,0.7283,0.7421,0.7445,0.7283,0.7428,0.7438,0.7236,0.7391,0.6133,0.7381,0.7229,0.5612,0.6970,0.6664,0.6826,0.7051,0.7418,0.6711,0.7233,0.7360,0.7095,0.7404,0.7354,0.7364,0.7424,0.7391,0.7408,0.7347,0.7189,0.7381,0.4620,0.6711,0.6527,0.7209,0.5636,0.7502,0.7330,0.7229,0.7347,0.7327
bn,0.5881,0.5746,0.6375,0.6463,1.0000,0.3934,0.6523,0.6446,0.6557,0.6412,0.6644,0.6617,0.6634,0.6584,0.6547,0.6671,0.6624,0.6765,0.6550,0.5434,0.6574,0.6604,0.5000,0.6251,0.6049,0.6584,0.6372,0.6550,0.6355,0.6496,0.6486,0.6406,0.6510,0.6479,0.6617,0.6564,0.6547,0.6587,0.6681,0.6466,0.6638,0.4099,0.6564,0.6328,0.6503,0.5064,0.6644,0.6654,0.6614,0.6500,0.6412
cy,0.4751,0.4089,0.4630,0.4499,0.3934,1.0000,0.4731,0.4714,0.4755,0.4748,0.4701,0.4553,0.4734,0.4825,0.4654,0.4687,0.4714,0.4506,0.4617,0.4351,0.4704,0.4707,0.4213,0.4697,0.4425,0.4169,0.4597,0.4714,0.4388,0.4630,0.4761,0.4442,0.4765,0.4926,0.4744,0.4721,0.4734,0.4684,0.4741,0.4617,0.4738,0.4069,0.4237,0.4344,0.4734,0.3914,0.4755,0.4533,0.4553,0.4718,0.4761
da,0.7616,0.6116,0.7878,0.7434,0.6523,0.4731,1.0000,0.8174,0.8383,0.8524,0.8457,0.8225,0.8305,0.8594,0.8178,0.8440,0.8531,0.7841,0.8198,0.6409,0.8356,0.8181,0.6106,0.7566,0.6980,0.6964,0.7680,0.8178,0.7041,0.7831,0.8211,0.7677,0.8695,0.8692,0.8494,0.8433,0.8416,0.8389,0.8289,0.8154,0.8628,0.4976,0.7024,0.6843,0.8003,0.5921,0.8500,0.8016,0.8130,0.8329,0.8292
de,0.7384,0.6052,0.7757,0.7202,0.6446,0.4714,0.8174,1.0000,0.8040,0.8208,0.8141,0.7875,0.7925,0.8248,0.7848,0.8060,0.8114,0.7666,0.8030,0.6382,0.8087,0.7895,0.5952,0.7371,0.6890,0.6856,0.7542,0.7895,0.6849,0.7653,0.8003,0.7535,0.8161,0.8369,0.8087,0.8211,0.8073,0.8110,0.8033,0.7925,0.8208,0.4795,0.6944,0.6708,0.7751,0.5921,0.8151,0.7835,0.7868,0.7966,0.7969
el,0.7471,0.6133,0.7771,0.7387,0.6557,0.4755,0.8383,0.8040,1.0000,0.8362,0.8436,0.8147,0.8218,0.8413,0.8130,0.8312,0.8457,0.7875,0.8171,0.6419,0.8312,0.8070,0.6015,0.7508,0.7075,0.6964,0.7697,0.8063,0.7051,0.7892,0.8275,0.7781,0.8319,0.8426,0.8396,0.8447,0.8322,0.8325,0.8252,0.8104,0.8420,0.4902,0.7041,0.6701,0.7983,0.5915,0.8383,0.7989,0.8090,0.8208,0.8302
en,0.7465,0.6026,0.7754,0.7323,0.6412,0.4748,0.8524,0.8208,0.8362,1.0000,0.8500,0.8295,0.8117,0.8638,0.8110,0.8396,0.8453,0.7811,0.8285,0.6345,0.8329,0.8154,0.6036,0.7424,0.6910,0.6836,0.7603,0.8141,0.6947,0.7794,0.8194,0.7787,0.8433,0.8628,0.8440,0.8517,0.8218,0.8420,0.8289,0.8157,0.8534,0.4913,0.6957,0.6735,0.7996,0.5972,0.8584,0.8009,0.8023,0.8426,0.8342
es,0.7515,0.6224,0.7878,0.7360,0.6644,0.4701,0.8457,0.8141,0.8436,0.8500,1.0000,0.8315,0.8325,0.8608,0.8154,0.8252,0.8470,0.7872,0.8248,0.6385,0.8477,0.8228,0.6126,0.7508,0.6970,0.7004,0.7666,0.8097,0.6944,0.7784,0.8154,0.7734,0.8359,0.8591,0.8443,0.8662,0.8443,0.8373,0.8487,0.8258,0.8547,0.4936,0.7021,0.6782,0.7966,0.5871,0.8426,0.8023,0.8194,0.8295,0.8201
fa,0.7280,0.6130,0.7761,0.7283,0.6617,0.4553,0.8225,0.7875,0.8147,0.8295,0.8315,1.0000,0.8147,0.8299,0.8080,0.8248,0.8221,0.7915,0.8073,0.6247,0.8161,0.8040,0.5992,0.7441,0.6826,0.6991,0.7525,0.8070,0.6947,0.7841,0.8016,0.7744,0.8215,0.8184,0.8225,0.8315,0.8114,0.8322,0.8090,0.7979,0.8262,0.4839,0.6950,0.6668,0.7861,0.5753,0.8218,0.8100,0.8036,0.8285,0.8130
fi,0.7428,0.6264,0.7656,0.7421,0.6634,0.4734,0.8305,0.7925,0.8218,0.8117,0.8325,0.8147,1.0000,0.8332,0.8020,0.8211,0.8295,0.7912,0.8134,0.6338,0.8167,0.8127,0.6049,0.7482,0.7024,0.7004,0.7650,0.8026,0.7054,0.7912,0.8036,0.7666,0.8164,0.8322,0.8178,0.8356,0.8208,0.8258,0.8295,0.7966,0.8332,0.4933,0.7024,0.6701,0.7841,0.5726,0.8265,0.7966,0.8201,0.8100,0.8046
fr,0.7646,0.6177,0.7929,0.7445,0.6584,0.4825,0.8594,0.8248,0.8413,0.8638,0.8608,0.8299,0.8332,1.0000,0.8235,0.8547,0.8527,0.7979,0.8332,0.6456,0.8591,0.8282,0.6113,0.7633,0.7058,0.6980,0.7824,0.8248,0.7115,0.7885,0.8325,0.7878,0.8517,0.8753,0.8514,0.8705,0.8443,0.8521,0.8477,0.8258,0.8611,0.4960,0.7071,0.6863,0.8097,0.5915,0.8554,0.8157,0.8238,0.8568,0.8389
he,0.7266,0.6177,0.7670,0.7283,0.6547,0.4654,0.8178,0.7848,0.8130,0.8110,0.8154,0.8080,0.8020,0.8235,1.0000,0.8130,0.8161,0.7791,0.7979,0.6261,0.8033,0.7875,0.5962,0.7586,0.6900,0.6997,0.7485,0.8056,0.7001,0.7717,0.8009,0.7643,0.8003,0.8157,0.8154,0.8073,0.7993,0.8151,0.8097,0.7935,0.8100,0.4788,0.6970,0.6782,0.7865,0.5787,0.8241,0.7905,0.7892,0.8127,0.8013
hi,0.7488,0.6153,0.7740,0.7428,0.6671,0.4687,0.8440,0.8060,0.8312,0.8396,0.8252,0.8248,0.8211,0.8547,0.8130,1.0000,0.8389,0.7939,0.8198,0.6362,0.8181,0.8184,0.6042,0.7626,0.7118,0.7075,0.7740,0.8080,0.7155,0.7993,0.8208,0.7851,0.8255,0.8480,0.8268,0.8332,0.8255,0.8373,0.8228,0.8043,0.8403,0.5020,0.7139,0.6822,0.8070,0.5891,0.8389,0.8144,0.8154,0.8332,0.8231
hu,0.7448,0.6197,0.7828,0.7438,0.6624,0.4714,0.8531,0.8114,0.8457,0.8453,0.8470,0.8221,0.8295,0.8527,0.8161,0.8389,1.0000,0.7932,0.8215,0.6325,0.8332,0.8087,0.5945,0.7475,0.6960,0.7058,0.7596,0.8167,0.7065,0.7925,0.8198,0.7703,0.8373,0.8584,0.8433,0.8487,0.8312,0.8410,0.8373,0.8114,0.8544,0.4862,0.7098,0.6802,0.8009,0.5905,0.8584,0.7952,0.8104,0.8272,0.8238
hy,0.7068,0.6200,0.7505,0.7236,0.6765,0.4506,0.7841,0.7666,0.7875,0.7811,0.7872,0.7915,0.7912,0.7979,0.7791,0.7939,0.7932,1.0000,0.7814,0.6207,0.7999,0.7734,0.5746,0.7377,0.6880,0.7118,0.7508,0.7929,0.7031,0.7744,0.7744,0.7596,0.7828,0.7872,0.7942,0.7956,0.7838,0.8026,0.7976,0.7619,0.8083,0.4714,0.7001,0.6698,0.7646,0.5615,0.7875,0.7707,0.7909,0.7821,0.7703
id,0.7303,0.6143,0.7932,0.7391,0.6550,0.4617,0.8198,0.8030,0.8171,0.8285,0.8248,0.8073,0.8134,0.8332,0.7979,0.8198,0.8215,0.7814,1.0000,0.6469,0.8322,0.8077,0.6042,0.7371,0.6950,0.6920,0.7670,0.8073,0.6997,0.7845,0.8484,0.7771,0.8241,0.8289,0.8215,0.8359,0.8184,0.8198,0.8275,0.8093,0.8275,0.4869,0.7135,0.6705,0.7952,0.5891,0.8292,0.8080,0.7976,0.8235,0.8130
is,0.6022,0.5360,0.6358,0.6133,0.5434,0.4351,0.6409,0.6382,0.6419,0.6345,0.6385,0.6247,0.6338,0.6456,0.6261,0.6362,0.6325,0.6207,0.6469,1.0000,0.6422,0.6348,0.5229,0.6073,0.5982,0.5841,0.6268,0.6379,0.5989,0.6200,0.6311,0.6073,0.6443,0.6500,0.6362,0.6493,0.6506,0.6389,0.6453,0.6406,0.6483,0.4438,0.5952,0.5921,0.6163,0.5094,0.6362,0.6291,0.6281,0.6352,0.6342
it,0.7492,0.6190,0.7791,0.7381,0.6574,0.4704,0.8356,0.8087,0.8312,0.8329,0.8477,0.8161,0.8167,0.8591,0.8033,0.8181,0.8332,0.7999,0.8322,0.6422,1.0000,0.8157,0.6049,0.7529,0.6970,0.6913,0.7767,0.8171,0.7081,0.7764,0.8241,0.7707,0.8299,0.8436,0.8325,0.8507,0.8325,0.8420,0.8349,0.8020,0.8403,0.4892,0.7065,0.6762,0.7932,0.5874,0.8282,0.8033,0.8050,0.8292,0.8107
ja,0.7367,0.6150,0.7693,0.7229,0.6604,0.4707,0.8181,0.7895,0.8070,0.8154,0.8228,0.8040,0.8127,0.8282,0.7875,0.8184,0.8087,0.7734,0.8077,0.6348,0.8157,1.0000,0.6069,0.7508,0.7004,0.6937,0.7687,0.8073,0.7088,0.7868,0.8093,0.7724,0.8036,0.8255,0.8077,0.8289,0.8171,0.8134,0.8130,0.7851,0.8228,0.4936,0.6980,0.6930,0.7885,0.5834,0.8174,0.8016,0.8016,0.8241,0.8241
jv,0.5962,0.4889,0.5952,0.5612,0.5000,0.4213,0.6106,0.5952,0.6015,0.6036,0.6126,0.5992,0.6049,0.6113,0.5962,0.6042,0.5945,0.5746,0.6042,0.5229,0.6049,0.6069,1.0000,0.5726,0.5454,0.5393,0.5827,0.5938,0.5420,0.5864,0.5992,0.5713,0.6052,0.6143,0.5982,0.6110,0.6150,0.5921,0.6049,0.5999,0.6012,0.4570,0.5430,0.5498,0.5703,0.4792,0.6032,0.5827,0.5901,0.5935,0.6069
ka,0.6839,0.5891,0.7226,0.6970,0.6251,0.4697,0.7566,0.7371,0.7508,0.7424,0.7508,0.7441,0.7482,0.7633,0.7586,0.7626,0.7475,0.7377,0.7371,0.6073,0.7529,0.7508,0.5726,1.0000,0.6601,0.6796,0.7098,0.7562,0.6769,0.7350,0.7323,0.7367,0.7559,0.7529,0.7535,0.7475,0.7508,0.7529,0.7455,0.7270,0.7458,0.4758,0.6745,0.6782,0.7394,0.5481,0.7542,0.7401,0.7374,0.7515,0.7515
km,0.6510,0.5908,0.6819,0.6664,0.6049,0.4425,0.6980,0.6890,0.7075,0.6910,0.6970,0.6826,0.7024,0.7058,0.6900,0.7118,0.6960,0.6880,0.6950,0.5982,0.6970,0.7004,0.5454,0.6601,1.0000,0.6369,0.6944,0.6859,0.6540,0.6890,0.6910,0.6735,0.6967,0.7091,0.6917,0.7038,0.6987,0.7001,0.6940,0.6920,0.7011,0.4533,0.6533,0.6338,0.6873,0.5309,0.7054,0.6856,0.6940,0.7041,0.6927
kn,0.6419,0.6049,0.6779,0.6826,0.6584,0.4169,0.6964,0.6856,0.6964,0.6836,0.7004,0.6991,0.7004,0.6980,0.6997,0.7075,0.7058,0.7118,0.6920,0.5841,0.6913,0.6937,0.5393,0.6796,0.6369,1.0000,0.6638,0.7014,0.6856,0.6930,0.6833,0.6769,0.7007,0.6984,0.6977,0.6980,0.7058,0.7058,0.6974,0.6812,0.7001,0.4459,0.6846,0.6769,0.6907,0.5299,0.7048,0.7021,0.7102,0.6997,0.6890
ko,0.6997,0.6032,0.7374,0.7051,0.6372,0.4597,0.7680,0.7542,0.7697,0.7603,0.7666,0.7525,0.7650,0.7824,0.7485,0.7740,0.7596,0.7508,0.7670,0.6268,0.7767,0.7687,0.5827,0.7098,0.6944,0.6638,1.0000,0.7606,0.6883,0.7394,0.7566,0.7162,0.7670,0.7791,0.7636,0.7740,0.7656,0.7687,0.7697,0.7438,0.7791,0.4711,0.6853,0.6634,0.7448,0.5743,0.7656,0.7478,0.7545,0.7636,0.7606
lv,0.7293,0.6126,0.7670,0.7418,0.6550,0.4714,0.8178,0.7895,0.8063,0.8141,0.8097,0.8070,0.8026,0.8248,0.8056,0.8080,0.8167,0.7929,0.8073,0.6379,0.8171,0.8073,0.5938,0.7562,0.6859,0.7014,0.7606,1.0000,0.7206,0.7835,0.8083,0.7613,0.8083,0.8181,0.8107,0.8198,0.8178,0.8241,0.8144,0.7828,0.8181,0.4805,0.7061,0.6836,0.7794,0.5713,0.8144,0.7905,0.7915,0.8083,0.8020
ml,0.6503,0.5948,0.6816,0.6711,0.6355,0.4388,0.7041,0.6849,0.7051,0.6947,0.6944,0.6947,0.7054,0.7115,0.7001,0.7155,0.7065,0.7031,0.6997,0.5989,0.7081,0.7088,0.5420,0.6769,0.6540,0.6856,0.6883,0.7206,1.0000,0.6923,0.7017,0.6755,0.7014,0.7058,0.7085,0.6991,0.7088,0.7071,0.7068,0.6890,0.7085,0.4617,0.6863,0.6775,0.6960,0.5333,0.7021,0.6930,0.6974,0.7071,0.7068
mn,0.7125,0.6167,0.7572,0.7233,0.6496,0.4630,0.7831,0.7653,0.7892,0.7794,0.7784,0.7841,0.7912,0.7885,0.7717,0.7993,0.7925,0.7744,0.7845,0.6200,0.7764,0.7868,0.5864,0.7350,0.6890,0.6930,0.7394,0.7835,0.6923,1.0000,0.7784,0.7552,0.7841,0.7979,0.7784,0.7835,0.7831,0.7882,0.7814,0.7660,0.7831,0.4795,0.6930,0.6671,0.7744,0.5656,0.7942,0.7566,0.7808,0.7861,0.7821
ms,0.7360,0.6042,0.7784,0.7360,0.6486,0.4761,0.8211,0.8003,0.8275,0.8194,0.8154,0.8016,0.8036,0.8325,0.8009,0.8208,0.8198,0.7744,0.8484,0.6311,0.8241,0.8093,0.5992,0.7323,0.6910,0.6833,0.7566,0.8083,0.7017,0.7784,1.0000,0.7616,0.8198,0.8305,0.8167,0.8373,0.8171,0.8144,0.8282,0.8060,0.8252,0.4892,0.7004,0.6748,0.7925,0.5931,0.8231,0.7962,0.7905,0.8171,0.8174
my,0.6886,0.5978,0.7451,0.7095,0.6406,0.4442,0.7677,0.7535,0.7781,0.7787,0.7734,0.7744,0.7666,0.7878,0.7643,0.7851,0.7703,0.7596,0.7771,0.6073,0.7707,0.7724,0.5713,0.7367,0.6735,0.6769,0.7162,0.7613,0.6755,0.7552,0.7616,1.0000,0.7690,0.7764,0.7697,0.7804,0.7636,0.7824,0.7670,0.7569,0.7754,0.4714,0.6863,0.6550,0.7720,0.5578,0.7835,0.7663,0.7579,0.7915,0.7677
nb,0.7529,0.6076,0.7845,0.7404,0.6510,0.4765,0.8695,0.8161,0.8319,0.8433,0.8359,0.8215,0.8164,0.8517,0.8003,0.8255,0.8373,0.7828,0.8241,0.6443,0.8299,0.8036,0.6052,0.7559,0.6967,0.7007,0.7670,0.8083,0.7014,0.7841,0.8198,0.7690,1.0000,0.8605,0.8342,0.8470,0.8235,0.8332,0.8248,0.8117,0.8514,0.4973,0.6987,0.6785,0.7909,0.5935,0.8352,0.7993,0.8117,0.8218,0.8204
nl,0.7747,0.6160,0.7888,0.7354,0.6479,0.4926,0.8692,0.8369,0.8426,0.8628,0.8591,0.8184,0.8322,0.8753,0.8157,0.8480,0.8584,0.7872,0.8289,0.6500,0.8436,0.8255,0.6143,0.7529,0.7091,0.6984,0.7791,0.8181,0.7058,0.7979,0.8305,0.7764,0.8605,1.0000,0.8443,0.8584,0.8480,0.8510,0.8426,0.8241,0.8668,0.4960,0.7044,0.6799,0.8009,0.5989,0.8524,0.8043,0.8167,0.8436,0.8362
pl,0.7485,0.6137,0.7861,0.7364,0.6617,0.4744,0.8494,0.8087,0.8396,0.8440,0.8443,0.8225,0.8178,0.8514,0.8154,0.8268,0.8433,0.7942,0.8215,0.6362,0.8325,0.8077,0.5982,0.7535,0.6917,0.6977,0.7636,0.8107,0.7085,0.7784,0.8167,0.7697,0.8342,0.8443,1.0000,0.8339,0.8332,0.8379,0.8322,0.8130,0.8484,0.4966,0.7048,0.6765,0.8097,0.5941,0.8453,0.7878,0.8083,0.8282,0.8272
pt,0.7492,0.6120,0.7983,0.7424,0.6564,0.4721,0.8433,0.8211,0.8447,0.8517,0.8662,0.8315,0.8356,0.8705,0.8073,0.8332,0.8487,0.7956,0.8359,0.6493,0.8507,0.8289,0.6110,0.7475,0.7038,0.6980,0.7740,0.8198,0.6991,0.7835,0.8373,0.7804,0.8470,0.8584,0.8339,1.0000,0.8453,0.8440,0.8396,0.8231,0.8557,0.4916,0.6994,0.6742,0.8013,0.5945,0.8440,0.8151,0.8154,0.8443,0.8309
ro,0.7552,0.6157,0.7848,0.7391,0.6547,0.4734,0.8416,0.8073,0.8322,0.8218,0.8443,0.8114,0.8208,0.8443,0.7993,0.8255,0.8312,0.7838,0.8184,0.6506,0.8325,0.8171,0.6150,0.7508,0.6987,0.7058,0.7656,0.8178,0.7088,0.7831,0.8171,0.7636,0.8235,0.8480,0.8332,0.8453,1.0000,0.8285,0.8282,0.8147,0.8346,0.4936,0.7118,0.6849,0.7814,0.5915,0.8325,0.7993,0.8090,0.8080,0.8073
ru,0.7408,0.6123,0.7835,0.7408,0.6587,0.4684,0.8389,0.8110,0.8325,0.8420,0.8373,0.8322,0.8258,0.8521,0.8151,0.8373,0.8410,0.8026,0.8198,0.6389,0.8420,0.8134,0.5921,0.7529,0.7001,0.7058,0.7687,0.8241,0.7071,0.7882,0.8144,0.7824,0.8332,0.8510,0.8379,0.8440,0.8285,1.0000,0.8322,0.8077,0.8463,0.4896,0.7115,0.6812,0.8006,0.5864,0.8463,0.8036,0.8080,0.8373,0.8228
sl,0.7478,0.6147,0.7888,0.7347,0.6681,0.4741,0.8289,0.8033,0.8252,0.8289,0.8487,0.8090,0.8295,0.8477,0.8097,0.8228,0.8373,0.7976,0.8275,0.6453,0.8349,0.8130,0.6049,0.7455,0.6940,0.6974,0.7697,0.8144,0.7068,0.7814,0.8282,0.7670,0.8248,0.8426,0.8322,0.8396,0.8282,0.8322,1.0000,0.8056,0.8416,0.4896,0.7065,0.6870,0.7878,0.5844,0.8359,0.7962,0.8083,0.8248,0.8151
sq,0.7260,0.6012,0.7700,0.7189,0.6466,0.4617,0.8154,0.7925,0.8104,0.8157,0.8258,0.7979,0.7966,0.8258,0.7935,0.8043,0.8114,0.7619,0.8093,0.6406,0.8020,0.7851,0.5999,0.7270,0.6920,0.6812,0.7438,0.7828,0.6890,0.7660,0.8060,0.7569,0.8117,0.8241,0.8130,0.8231,0.8147,0.8077,0.8056,1.0000,0.8174,0.4909,0.6960,0.6634,0.7841,0.5874,0.8134,0.7811,0.7885,0.8003,0.7949
sv,0.7535,0.6217,0.7831,0.7381,0.6638,0.4738,0.8628,0.8208,0.8420,0.8534,0.8547,0.8262,0.8332,0.8611,0.8100,0.8403,0.8544,0.8083,0.8275,0.6483,0.8403,0.8228,0.6012,0.7458,0.7011,0.7001,0.7791,0.8181,0.7085,0.7831,0.8252,0.7754,0.8514,0.8668,0.8484,0.8557,0.8346,0.8463,0.8416,0.8174,1.0000,0.4859,0.6964,0.6678,0.8020,0.5968,0.8500,0.8087,0.8258,0.8329,0.8191
sw,0.4970,0.4297,0.4832,0.4620,0.4099,0.4069,0.4976,0.4795,0.4902,0.4913,0.4936,0.4839,0.4933,0.4960,0.4788,0.5020,0.4862,0.4714,0.4869,0.4438,0.4892,0.4936,0.4570,0.4758,0.4533,0.4459,0.4711,0.4805,0.4617,0.4795,0.4892,0.4714,0.4973,0.4960,0.4966,0.4916,0.4936,0.4896,0.4896,0.4909,0.4859,1.0000,0.4539,0.4553,0.4876,0.4059,0.4896,0.4734,0.4785,0.4869,0.4906
ta,0.6510,0.5891,0.6886,0.6711,0.6564,0.4237,0.7024,0.6944,0.7041,0.6957,0.7021,0.6950,0.7024,0.7071,0.6970,0.7139,0.7098,0.7001,0.7135,0.5952,0.7065,0.6980,0.5430,0.6745,0.6533,0.6846,0.6853,0.7061,0.6863,0.6930,0.7004,0.6863,0.6987,0.7044,0.7048,0.6994,0.7118,0.7115,0.7065,0.6960,0.6964,0.4539,1.0000,0.6735,0.6923,0.5370,0.7007,0.6927,0.6964,0.7095,0.6927
te,0.6375,0.5679,0.6560,0.6527,0.6328,0.4344,0.6843,0.6708,0.6701,0.6735,0.6782,0.6668,0.6701,0.6863,0.6782,0.6822,0.6802,0.6698,0.6705,0.5921,0.6762,0.6930,0.5498,0.6782,0.6338,0.6769,0.6634,0.6836,0.6775,0.6671,0.6748,0.6550,0.6785,0.6799,0.6765,0.6742,0.6849,0.6812,0.6870,0.6634,0.6678,0.4553,0.6735,1.0000,0.6658,0.5212,0.6863,0.6796,0.6708,0.6752,0.6779
th,0.7216,0.6052,0.7660,0.7209,0.6503,0.4734,0.8003,0.7751,0.7983,0.7996,0.7966,0.7861,0.7841,0.8097,0.7865,0.8070,0.8009,0.7646,0.7952,0.6163,0.7932,0.7885,0.5703,0.7394,0.6873,0.6907,0.7448,0.7794,0.6960,0.7744,0.7925,0.7720,0.7909,0.8009,0.8097,0.8013,0.7814,0.8006,0.7878,0.7841,0.8020,0.4876,0.6923,0.6658,1.0000,0.5753,0.8043,0.7683,0.7794,0.8201,0.8030
tl,0.5562,0.4765,0.5804,0.5636,0.5064,0.3914,0.5921,0.5921,0.5915,0.5972,0.5871,0.5753,0.5726,0.5915,0.5787,0.5891,0.5905,0.5615,0.5891,0.5094,0.5874,0.5834,0.4792,0.5481,0.5309,0.5299,0.5743,0.5713,0.5333,0.5656,0.5931,0.5578,0.5935,0.5989,0.5941,0.5945,0.5915,0.5864,0.5844,0.5874,0.5968,0.4059,0.5370,0.5212,0.5753,1.0000,0.5898,0.5699,0.5736,0.5844,0.5901
tr,0.7411,0.6204,0.7922,0.7502,0.6644,0.4755,0.8500,0.8151,0.8383,0.8584,0.8426,0.8218,0.8265,0.8554,0.8241,0.8389,0.8584,0.7875,0.8292,0.6362,0.8282,0.8174,0.6032,0.7542,0.7054,0.7048,0.7656,0.8144,0.7021,0.7942,0.8231,0.7835,0.8352,0.8524,0.8453,0.8440,0.8325,0.8463,0.8359,0.8134,0.8500,0.4896,0.7007,0.6863,0.8043,0.5898,1.0000,0.8087,0.8097,0.8359,0.8299
ur,0.7179,0.6126,0.7650,0.7330,0.6654,0.4533,0.8016,0.7835,0.7989,0.8009,0.8023,0.8100,0.7966,0.8157,0.7905,0.8144,0.7952,0.7707,0.8080,0.6291,0.8033,0.8016,0.5827,0.7401,0.6856,0.7021,0.7478,0.7905,0.6930,0.7566,0.7962,0.7663,0.7993,0.8043,0.7878,0.8151,0.7993,0.8036,0.7962,0.7811,0.8087,0.4734,0.6927,0.6796,0.7683,0.5699,0.8087,1.0000,0.7942,0.7902,0.7855
vi,0.7266,0.6342,0.7576,0.7229,0.6614,0.4553,0.8130,0.7868,0.8090,0.8023,0.8194,0.8036,0.8201,0.8238,0.7892,0.8154,0.8104,0.7909,0.7976,0.6281,0.8050,0.8016,0.5901,0.7374,0.6940,0.7102,0.7545,0.7915,0.6974,0.7808,0.7905,0.7579,0.8117,0.8167,0.8083,0.8154,0.8090,0.8080,0.8083,0.7885,0.8258,0.4785,0.6964,0.6708,0.7794,0.5736,0.8097,0.7942,1.0000,0.8016,0.7885
zh_cn,0.7357,0.6100,0.7888,0.7347,0.6500,0.4718,0.8329,0.7966,0.8208,0.8426,0.8295,0.8285,0.8100,0.8568,0.8127,0.8332,0.8272,0.7821,0.8235,0.6352,0.8292,0.8241,0.5935,0.7515,0.7041,0.6997,0.7636,0.8083,0.7071,0.7861,0.8171,0.7915,0.8218,0.8436,0.8282,0.8443,0.8080,0.8373,0.8248,0.8003,0.8329,0.4869,0.7095,0.6752,0.8201,0.5844,0.8359,0.7902,0.8016,1.0000,0.8571
zh_tw,0.7381,0.6093,0.7845,0.7327,0.6412,0.4761,0.8292,0.7969,0.8302,0.8342,0.8201,0.8130,0.8046,0.8389,0.8013,0.8231,0.8238,0.7703,0.8130,0.6342,0.8107,0.8241,0.6069,0.7515,0.6927,0.6890,0.7606,0.8020,0.7068,0.7821,0.8174,0.7677,0.8204,0.8362,0.8272,0.8309,0.8073,0.8228,0.8151,0.7949,0.8191,0.4906,0.6927,0.6779,0.8030,0.5901,0.8299,0.7855,0.7885,0.8571,1.0000
