encoder,dim,lang,test_acc,train_acc,encode_time_s,train_time_s,n_train,n_test,error
paraphrase-multilingual-MiniLM-L12-v2,384,af,0.6049,0.7915,22.9,1.0,10000,2974,
paraphrase-multilingual-MiniLM-L12-v2,384,am,0.5578,0.7276,27.9,1.2,10000,2974,
paraphrase-multilingual-MiniLM-L12-v2,384,ar,0.5952,0.7586,21.5,1.4,10000,2974,
paraphrase-multilingual-MiniLM-L12-v2,384,az,0.6217,0.7786,26.0,1.2,10000,2974,
paraphrase-multilingual-MiniLM-L12-v2,384,bn,0.5703,0.7214,28.5,1.5,10000,2974,
paraphrase-multilingual-MiniLM-L12-v2,384,cy,0.5101,0.6673,31.9,1.7,10000,2974,
paraphrase-multilingual-MiniLM-L12-v2,384,da,0.688,0.8533,28.1,1.7,10000,2974,
paraphrase-multilingual-MiniLM-L12-v2,384,de,0.6469,0.8143,62.8,7.9,10000,2974,
paraphrase-multilingual-MiniLM-L12-v2,384,el,0.6907,0.8564,232.0,1.6,10000,2974,
paraphrase-multilingual-MiniLM-L12-v2,384,en,0.7431,0.9065,38.1,1.3,10000,2974,
paraphrase-multilingual-MiniLM-L12-v2,384,es,0.6997,0.8621,35.4,1.3,10000,2974,
paraphrase-multilingual-MiniLM-L12-v2,384,fa,0.6991,0.8602,31.8,1.2,10000,2974,
paraphrase-multilingual-MiniLM-L12-v2,384,fi,0.6759,0.8386,27.1,1.3,10000,2974,
paraphrase-multilingual-MiniLM-L12-v2,384,fr,0.7078,0.8652,36.4,1.4,10000,2974,
paraphrase-multilingual-MiniLM-L12-v2,384,he,0.6644,0.8347,28.3,1.3,10000,2974,
paraphrase-multilingual-MiniLM-L12-v2,384,hi,0.6944,0.856,30.7,1.3,10000,2974,
paraphrase-multilingual-MiniLM-L12-v2,384,hu,0.6893,0.8577,32.9,1.3,10000,2974,
paraphrase-multilingual-MiniLM-L12-v2,384,hy,0.649,0.809,45.8,1.4,10000,2974,
paraphrase-multilingual-MiniLM-L12-v2,384,id,0.7061,0.863,37.8,2.0,10000,2974,
paraphrase-multilingual-MiniLM-L12-v2,384,is,0.5417,0.6947,49.1,3.2,10000,2974,
paraphrase-multilingual-MiniLM-L12-v2,384,it,0.6974,0.8615,42.8,2.0,10000,2974,
paraphrase-multilingual-MiniLM-L12-v2,384,ja,0.6957,0.8605,38.8,2.0,10000,2974,
paraphrase-multilingual-MiniLM-L12-v2,384,jv,0.5131,0.6697,43.7,1.8,10000,2974,
paraphrase-multilingual-MiniLM-L12-v2,384,ka,0.5925,0.7614,41.1,1.8,10000,2974,
paraphrase-multilingual-MiniLM-L12-v2,384,km,0.5689,0.7221,46.7,2.1,10000,2974,
paraphrase-multilingual-MiniLM-L12-v2,384,kn,0.614,0.7671,47.8,4.7,10000,2974,
paraphrase-multilingual-MiniLM-L12-v2,384,ko,0.6325,0.7951,35.0,1.8,10000,2974,
paraphrase-multilingual-MiniLM-L12-v2,384,lv,0.6866,0.8476,42.9,1.9,10000,2974,
paraphrase-multilingual-MiniLM-L12-v2,384,ml,0.6268,0.7724,54.3,2.6,10000,2974,
paraphrase-multilingual-MiniLM-L12-v2,384,mn,0.6553,0.8103,69.4,2.7,10000,2974,
paraphrase-multilingual-MiniLM-L12-v2,384,ms,0.6755,0.8438,66.7,5.4,10000,2974,
paraphrase-multilingual-MiniLM-L12-v2,384,my,0.6409,0.8124,132.5,4.5,10000,2974,
paraphrase-multilingual-MiniLM-L12-v2,384,nb,0.6789,0.8433,100.6,4.2,10000,2974,
paraphrase-multilingual-MiniLM-L12-v2,384,nl,0.6987,0.8609,102.0,4.8,10000,2974,
paraphrase-multilingual-MiniLM-L12-v2,384,pl,0.7041,0.86,100.1,3.1,10000,2974,
paraphrase-multilingual-MiniLM-L12-v2,384,pt,0.7048,0.8669,105.0,3.8,10000,2974,
paraphrase-multilingual-MiniLM-L12-v2,384,ro,0.6873,0.8433,116.9,5.0,10000,2974,
paraphrase-multilingual-MiniLM-L12-v2,384,ru,0.7004,0.8605,103.1,4.6,10000,2974,
paraphrase-multilingual-MiniLM-L12-v2,384,sl,0.6772,0.851,97.4,2.9,10000,2974,
paraphrase-multilingual-MiniLM-L12-v2,384,sq,0.6826,0.8541,97.7,3.8,10000,2974,
paraphrase-multilingual-MiniLM-L12-v2,384,sv,0.6964,0.8642,93.6,2.9,10000,2974,
paraphrase-multilingual-MiniLM-L12-v2,384,sw,0.5141,0.6661,91.2,3.4,10000,2974,
paraphrase-multilingual-MiniLM-L12-v2,384,ta,0.5857,0.7346,108.0,5.5,10000,2974,
paraphrase-multilingual-MiniLM-L12-v2,384,te,0.6163,0.7693,114.0,4.1,10000,2974,
paraphrase-multilingual-MiniLM-L12-v2,384,th,0.6927,0.8452,98.1,3.2,10000,2974,
paraphrase-multilingual-MiniLM-L12-v2,384,tl,0.5057,0.6669,107.1,4.6,10000,2974,
paraphrase-multilingual-MiniLM-L12-v2,384,tr,0.688,0.8559,86.0,3.6,10000,2974,
paraphrase-multilingual-MiniLM-L12-v2,384,ur,0.6654,0.8258,92.0,3.1,10000,2974,
paraphrase-multilingual-MiniLM-L12-v2,384,vi,0.6799,0.8362,108.7,3.1,10000,2974,
paraphrase-multilingual-MiniLM-L12-v2,384,zh_cn,0.7075,0.8684,80.6,3.7,10000,2974,
paraphrase-multilingual-MiniLM-L12-v2,384,zh_tw,0.6836,0.8542,80.9,3.7,10000,2974,
paraphrase-multilingual-mpnet-base-v2,768,af,0.6691,0.8715,280.4,7.7,10000,2974,
paraphrase-multilingual-mpnet-base-v2,768,am,0.5736,0.7919,326.6,10.4,10000,2974,
paraphrase-multilingual-mpnet-base-v2,768,ar,0.6436,0.8358,240.1,9.0,10000,2974,
paraphrase-multilingual-mpnet-base-v2,768,az,0.6859,0.8786,221.0,3.5,10000,2974,
paraphrase-multilingual-mpnet-base-v2,768,bn,0.6543,0.845,164.9,3.8,10000,2974,
paraphrase-multilingual-mpnet-base-v2,768,cy,0.5733,0.7843,188.7,7.1,10000,2974,
paraphrase-multilingual-mpnet-base-v2,768,da,0.7196,0.9114,136.9,3.5,10000,2974,
paraphrase-multilingual-mpnet-base-v2,768,de,0.7001,0.8952,153.7,3.5,10000,2974,
paraphrase-multilingual-mpnet-base-v2,768,el,0.7068,0.9105,185.8,3.9,10000,2974,
paraphrase-multilingual-mpnet-base-v2,768,en,0.7579,0.9467,137.9,6.5,10000,2974,
paraphrase-multilingual-mpnet-base-v2,768,es,0.7303,0.9167,204.9,2.5,10000,2974,
paraphrase-multilingual-mpnet-base-v2,768,fa,0.7337,0.9152,133.0,4.3,10000,2974,
paraphrase-multilingual-mpnet-base-v2,768,fi,0.7165,0.9002,136.9,4.2,10000,2974,
paraphrase-multilingual-mpnet-base-v2,768,fr,0.7303,0.9162,217.4,5.7,10000,2974,
paraphrase-multilingual-mpnet-base-v2,768,he,0.6997,0.8949,132.3,3.4,10000,2974,
paraphrase-multilingual-mpnet-base-v2,768,hi,0.7202,0.9091,160.4,8.3,10000,2974,
paraphrase-multilingual-mpnet-base-v2,768,hu,0.7182,0.9063,211.1,4.6,10000,2974,
paraphrase-multilingual-mpnet-base-v2,768,hy,0.6826,0.889,186.9,4.2,10000,2974,
paraphrase-multilingual-mpnet-base-v2,768,id,0.735,0.9176,140.6,4.8,10000,2974,
paraphrase-multilingual-mpnet-base-v2,768,is,0.6116,0.8074,174.4,5.6,10000,2974,
paraphrase-multilingual-mpnet-base-v2,768,it,0.7236,0.9168,151.1,3.9,10000,2974,
paraphrase-multilingual-mpnet-base-v2,768,ja,0.7236,0.906,149.8,3.9,10000,2974,
paraphrase-multilingual-mpnet-base-v2,768,jv,0.5551,0.775,128.1,2.8,10000,2974,
paraphrase-multilingual-mpnet-base-v2,768,ka,0.6416,0.8332,129.2,3.2,10000,2974,
paraphrase-multilingual-mpnet-base-v2,768,km,0.6046,0.7952,170.7,6.1,10000,2974,
paraphrase-multilingual-mpnet-base-v2,768,kn,0.6506,0.8515,266.0,6.0,10000,2974,
paraphrase-multilingual-mpnet-base-v2,768,ko,0.7095,0.8985,217.9,8.5,10000,2974,
paraphrase-multilingual-mpnet-base-v2,768,lv,0.7145,0.9078,240.6,4.5,10000,2974,
paraphrase-multilingual-mpnet-base-v2,768,ml,0.6755,0.8676,279.2,37.8,10000,2974,
paraphrase-multilingual-mpnet-base-v2,768,mn,0.695,0.8768,221.2,4.8,10000,2974,
paraphrase-multilingual-mpnet-base-v2,768,ms,0.7088,0.9058,182.0,5.2,10000,2974,
paraphrase-multilingual-mpnet-base-v2,768,my,0.6775,0.8778,259.7,8.2,10000,2974,
paraphrase-multilingual-mpnet-base-v2,768,nb,0.7176,0.9099,216.7,5.3,10000,2974,
paraphrase-multilingual-mpnet-base-v2,768,nl,0.7223,0.9185,268.9,8.6,10000,2974,
paraphrase-multilingual-mpnet-base-v2,768,pl,0.7411,0.9142,258.0,9.9,10000,2974,
paraphrase-multilingual-mpnet-base-v2,768,pt,0.7263,0.9154,252.7,10.7,10000,2974,
paraphrase-multilingual-mpnet-base-v2,768,ro,0.7179,0.9061,289.6,11.9,10000,2974,
paraphrase-multilingual-mpnet-base-v2,768,ru,0.7186,0.9085,287.5,13.4,10000,2974,
paraphrase-multilingual-mpnet-base-v2,768,sl,0.7098,0.91,250.2,10.5,10000,2974,
paraphrase-multilingual-mpnet-base-v2,768,sq,0.727,0.9122,301.6,13.9,10000,2974,
paraphrase-multilingual-mpnet-base-v2,768,sv,0.7367,0.9158,260.5,12.7,10000,2974,
paraphrase-multilingual-mpnet-base-v2,768,sw,0.5649,0.7625,304.8,12.2,10000,2974,
paraphrase-multilingual-mpnet-base-v2,768,ta,0.6543,0.846,305.5,8.4,10000,2974,
paraphrase-multilingual-mpnet-base-v2,768,te,0.6701,0.8576,242.7,46.3,10000,2974,
paraphrase-multilingual-mpnet-base-v2,768,th,0.7048,0.8904,225.9,12.3,10000,2974,
paraphrase-multilingual-mpnet-base-v2,768,tl,0.5989,0.8064,274.2,12.9,10000,2974,
paraphrase-multilingual-mpnet-base-v2,768,tr,0.7135,0.9122,215.3,8.5,10000,2974,
paraphrase-multilingual-mpnet-base-v2,768,ur,0.6836,0.8801,217.8,8.8,10000,2974,
paraphrase-multilingual-mpnet-base-v2,768,vi,0.7152,0.8934,283.5,7.5,10000,2974,
paraphrase-multilingual-mpnet-base-v2,768,zh_cn,0.735,0.9104,162.4,8.2,10000,2974,
paraphrase-multilingual-mpnet-base-v2,768,zh_tw,0.7095,0.8948,153.5,5.9,10000,2974,
LaBSE,768,af,0.728,0.9308,168.5,3.0,10000,2974,
LaBSE,768,am,0.7145,0.9113,186.0,2.8,10000,2974,
LaBSE,768,ar,0.6745,0.8749,142.4,3.9,10000,2974,
LaBSE,768,az,0.7438,0.9327,148.1,2.8,10000,2974,
LaBSE,768,bn,0.7239,0.9235,153.9,3.0,10000,2974,
LaBSE,768,cy,0.7031,0.9154,190.4,2.8,10000,2974,
LaBSE,768,da,0.7377,0.9354,140.3,2.9,10000,2974,
LaBSE,768,de,0.7273,0.9219,167.4,2.8,10000,2974,
LaBSE,768,el,0.7303,0.93,210.5,3.4,10000,2974,
LaBSE,768,en,0.7566,0.9426,152.0,3.5,10000,2974,
LaBSE,768,es,0.7384,0.9341,156.0,3.1,10000,2974,
LaBSE,768,fa,0.7451,0.9361,137.0,3.0,10000,2974,
LaBSE,768,fi,0.736,0.9314,132.4,2.4,10000,2974,
LaBSE,768,fr,0.7549,0.9364,166.3,2.6,10000,2974,
LaBSE,768,he,0.7213,0.929,149.8,3.3,10000,2974,
LaBSE,768,hi,0.7445,0.933,169.2,3.1,10000,2974,
LaBSE,768,hu,0.7438,0.9259,172.4,3.9,10000,2974,
LaBSE,768,hy,0.7192,0.9219,196.0,3.3,10000,2974,
LaBSE,768,id,0.7418,0.9397,150.2,3.0,10000,2974,
LaBSE,768,is,0.7226,0.9276,144.8,2.2,10000,2974,
LaBSE,768,it,0.7357,0.9329,136.9,2.8,10000,2974,
LaBSE,768,ja,0.7438,0.9316,160.0,2.8,10000,2974,
LaBSE,768,jv,0.692,0.9045,142.8,4.6,10000,2974,
LaBSE,768,ka,0.688,0.8741,182.7,3.9,10000,2974,
LaBSE,768,km,0.6587,0.857,205.6,3.4,10000,2974,
LaBSE,768,kn,0.7209,0.9212,191.6,2.9,10000,2974,
LaBSE,768,ko,0.7414,0.9293,145.5,3.5,10000,2974,
LaBSE,768,lv,0.7384,0.9292,158.4,3.0,10000,2974,
LaBSE,768,ml,0.7233,0.9248,183.6,2.8,10000,2974,
LaBSE,768,mn,0.7337,0.9269,147.2,3.0,10000,2974,
LaBSE,768,ms,0.7401,0.9328,138.7,8.2,10000,2974,
LaBSE,768,my,0.7085,0.9162,218.7,3.4,10000,2974,
LaBSE,768,nb,0.7357,0.9347,151.4,3.4,10000,2974,
LaBSE,768,nl,0.7394,0.9417,153.4,2.9,10000,2974,
LaBSE,768,pl,0.7505,0.9348,157.0,2.7,10000,2974,
LaBSE,768,pt,0.7424,0.9316,138.2,3.3,10000,2974,
LaBSE,768,ro,0.735,0.9323,145.5,3.1,10000,2974,
LaBSE,768,ru,0.7515,0.9389,144.7,2.6,10000,2974,
LaBSE,768,sl,0.735,0.9326,143.2,3.3,10000,2974,
LaBSE,768,sq,0.7354,0.9359,166.3,4.9,10000,2974,
LaBSE,768,sv,0.7451,0.9381,161.0,3.4,10000,2974,
LaBSE,768,sw,0.7034,0.9002,171.5,3.6,10000,2974,
LaBSE,768,ta,0.7118,0.9157,208.7,3.7,10000,2974,
LaBSE,768,te,0.7196,0.926,229.1,3.6,10000,2974,
LaBSE,768,th,0.7192,0.9088,235.4,5.2,10000,2974,
LaBSE,768,tl,0.7169,0.9261,180.4,3.1,10000,2974,
LaBSE,768,tr,0.735,0.9317,152.0,4.9,10000,2974,
LaBSE,768,ur,0.7219,0.9241,149.9,2.8,10000,2974,
LaBSE,768,vi,0.7246,0.9235,195.1,2.8,10000,2974,
LaBSE,768,zh_cn,0.7371,0.9191,137.2,4.1,10000,2974,
LaBSE,768,zh_tw,0.7088,0.9065,129.8,3.9,10000,2974,
