lang,features,dim,lr_acc,mlp_acc,xgb_acc,best_acc,best_clf,xlmr_full
en,emb,384,0.848,0.8383,0.8272,0.848,LR,0.883
en,emb+tfidf,884,0.8672,0.8541,0.8393,0.8672,LR,0.883
en,emb+surface,392,0.8484,0.8403,0.8312,0.8484,LR,0.883
en,emb+tfidf+surface,892,0.8662,0.8551,0.8423,0.8662,LR,0.883
fr,emb,384,0.81,0.8063,0.7909,0.81,LR,0.863
fr,emb+tfidf,884,0.8386,0.8275,0.813,0.8386,LR,0.863
fr,emb+surface,392,0.811,0.8093,0.7922,0.811,LR,0.863
fr,emb+tfidf+surface,892,0.8393,0.8275,0.81,0.8393,LR,0.863
de,emb,384,0.7505,0.7603,0.7327,0.7603,MLP,0.857
de,emb+tfidf,884,0.8154,0.7949,0.7946,0.8154,LR,0.857
de,emb+surface,392,0.7515,0.7522,0.7391,0.7522,MLP,0.857
de,emb+tfidf+surface,892,0.8174,0.7969,0.7912,0.8174,LR,0.857
ko,emb,384,0.7357,0.7566,0.7384,0.7566,MLP,0.865
ko,emb+tfidf,884,0.8104,0.7952,0.7875,0.8104,LR,0.865
ko,emb+surface,392,0.7347,0.7532,0.7381,0.7532,MLP,0.865
ko,emb+tfidf+surface,892,0.811,0.7892,0.7905,0.811,LR,0.865
ja,emb,384,0.7983,0.7935,0.7922,0.7983,LR,0.839
ja,emb+tfidf,884,0.8285,0.8191,0.8188,0.8285,LR,0.839
ja,emb+surface,392,0.8006,0.7949,0.7919,0.8006,LR,0.839
ja,emb+tfidf+surface,892,0.8278,0.8194,0.8204,0.8278,LR,0.839
sw,emb,384,0.6039,0.6147,0.582,0.6147,MLP,0.831
sw,emb+tfidf,884,0.7851,0.768,0.7549,0.7851,LR,0.831
sw,emb+surface,392,0.6079,0.6268,0.5844,0.6268,MLP,0.831
sw,emb+tfidf+surface,892,0.7845,0.7717,0.7562,0.7845,LR,0.831
